t,qw,qx,qy,qz
0.0,0.9659409982705602,0.15187599725254364,0.19017436387412315,-0.08789537960828406
0.02,0.964602700720017,0.15455442384042936,0.1962560600292365,-0.0844873258245429
0.036,0.9635428389631073,0.15674310382444012,0.2008350645705741,-0.08174452507000468
0.06,0.9619790937673586,0.16009165507855785,0.207222981499209,-0.07762522888724054
0.08,0.9607067638229627,0.16293164696330298,0.21211313880811816,-0.07418840914421715
0.1,0.9594692056168124,0.16580197098047084,0.21661953879190818,-0.07074256920509794
0.124,0.9580280222944975,0.16927604970123244,0.22156834374470716,-0.06659973813890681
0.144,0.9568469456064451,0.1721915841859499,0.22540124977849213,-0.06315328845274344
0.16,0.9559134392520744,0.17453342183871337,0.22829630620985453,-0.06040163956211643
0.18,0.9547660121339814,0.17746615541079985,0.23169444051797966,-0.05696753957125902
0.196,0.9538670813568545,0.1798120603817823,0.23423278630191388,-0.05422460303990024
0.216,0.9527721546336279,0.18273644057684843,0.23717505041190548,-0.050799152566237286
0.232,0.9519204961239704,0.18506700421444583,0.23934701255882762,-0.04806874288057891
0.252,0.9508870091418612,0.18796257979684766,0.24184609943173874,-0.04466007853405575
0.276,0.9496938969014562,0.19140288671015993,0.24454107413450796,-0.040571940896384086
0.3,0.9485559289251022,0.19479401500334823,0.2469131397519611,-0.03648232337175905
0.316,0.9478293550173473,0.1970201468690229,0.24832085777525917,-0.03375381406124102
0.336,0.9469587724191976,0.19975726327255705,0.24989144162019977,-0.030338260128705767
0.36,0.9459676653427851,0.20297477860951704,0.25151109545609257,-0.026245197514969662
0.376,0.9453368610732508,0.2050782426265227,0.2524440739529332,-0.02352034751145103
0.4,0.9444377764247884,0.2081614188947601,0.2536316066438162,-0.019424835872700927
0.42,0.9437237649649519,0.2106683833608736,0.2544565908700846,-0.01600553877983156
0.448,0.9427304066768,0.21410401282397806,0.25552604090715736,-0.011197707107466363
0.472,0.9418786629110554,0.21696051015232154,0.2564067626432324,-0.006954545793851498
0.492,0.9411719556407254,0.2192964143316094,0.2570848200032084,-0.0034355074701708857
0.508,0.9406132679261374,0.2211332184943883,0.2575781026090798,-0.0006224547008232342
0.524,0.9400620171804673,0.22294349125003785,0.2580212782364188,0.0021879231632491378
0.548,0.9392509295028153,0.22561261549040323,0.2585842965424356,0.006390415177768838
0.568,0.9385903125633658,0.2277992361802009,0.2589561393587124,0.009875324542132372
0.584,0.9380738366349175,0.22953029635432118,0.2591791933968267,0.012636107284170348
0.6,0.9375700320571564,0.23125708483967805,0.2593218705974353,0.015325279662433099
0.616,0.9370766207975366,0.23297635567730274,0.2593960252050901,0.0179801016388871
0.632,0.936594251810613,0.23468225607085358,0.25940330246544324,0.02062628027267268
0.648,0.9361222652394966,0.23637782719849748,0.25934452379471606,0.023263338047694558
0.668,0.9355465501968392,0.23849554309407206,0.2591724115767348,0.02650180745145441
0.692,0.934874047486349,0.24102649110525606,0.2588329933617342,0.030367647470225988
0.712,0.9343292958197161,0.24312421596442702,0.258439347946079,0.03359274076784132
0.732,0.933798793818855,0.24522303334069398,0.25793584638237455,0.036805423255659046
0.752,0.9332797994932907,0.247330685012429,0.25732495817445467,0.04000136994859312
0.772,0.9327695686839421,0.2494368926568031,0.2566233537417219,0.043206984453222935
0.792,0.9322629819458423,0.2515467247061328,0.25584186922010754,0.046422000142587516
0.812,0.9317362871508862,0.25368496631562,0.25504379116464276,0.049639733680796674
0.836,0.9310580037661114,0.2563092049159861,0.25411626005717664,0.05349502710292068
0.856,0.930458736210709,0.25853928304432705,0.25335442868076286,0.05670695515020748
0.88,0.9297015091835028,0.26124805280041996,0.25244761357345763,0.06062060790588781
0.896,0.929181127895544,0.26307995469026985,0.251820349656635,0.06322979472254872
0.912,0.9286503298121058,0.26493365547186304,0.25116709153476835,0.06583203483219607
0.932,0.9279740030571451,0.26728174734730403,0.250307336916545,0.06907333610803569
0.948,0.9274226941951973,0.26918259735625455,0.24958158583541734,0.0716729667025442
0.972,0.9265866094219193,0.2720776643404921,0.2484038707160256,0.0755428052535026
0.996,0.9257432544913855,0.2750427018616931,0.24710299034184277,0.07931593588556651
1.016,0.925032786590146,0.27755194836115893,0.24592836932634143,0.08245309664226012
1.036,0.9243186214850428,0.28009642909909116,0.24465902721952132,0.08557498717576871
1.052,0.9237481081642729,0.2821579581249563,0.24356498245994668,0.08804780994972158
1.072,0.9230383243841637,0.28476292872824444,0.24209179506108075,0.09111590772894722
1.092,0.9223325520707579,0.2873920694640062,0.24049701464943696,0.0941795714965892
1.116,0.9215027532185872,0.29061041642053825,0.23837991663060892,0.0977414151719104
1.132,0.9209559788029699,0.2927878780063506,0.2368598717687281,0.10006454333034534
1.152,0.9202565009253898,0.295563793142241,0.23489771447287783,0.10292270896513617
1.172,0.9195350738478794,0.2984025970019879,0.2328776653911505,0.10573156998963319
1.192,0.9187971327871531,0.3012903760469686,0.2307890545503845,0.10850062426554552
1.212,0.9180497106515263,0.3042081056426841,0.22862029869469142,0.11124231833202883
1.236,0.9171567829007292,0.3077413315081869,0.22587718471145038,0.11444800327855159
1.252,0.9165665822597561,0.3101012284601219,0.22396066234104509,0.11655336962392226
1.272,0.9158364130123562,0.31303839729688554,0.22146947205781353,0.11917205536876627
1.288,0.9152624287756874,0.3153712587900869,0.21939325567280984,0.12125283052675087
1.308,0.91455955975318,0.31825652893884226,0.2166958703574856,0.12384034808614604
1.336,0.9136073310332183,0.3222126882475188,0.21273473508551188,0.1274543175125324
1.356,0.9129542805477183,0.32496469634564096,0.20977445304082454,0.1300279252459405
1.38,0.9122043403400332,0.32817176204526155,0.20608014979270262,0.13310805897403644
1.404,0.9114900734139648,0.3312672890586927,0.20224521348893637,0.13617867437730682
1.424,0.9109188950695463,0.3337583688107654,0.19895407786657082,0.13874258338635076
1.44,0.9104565747311387,0.3357128808472527,0.19630240661765036,0.14082296747055556
1.46,0.9098673407360689,0.33813546822103036,0.19297891799155606,0.14340462678756818
1.48,0.9092758433314676,0.3405280252646918,0.18962032655497943,0.14595333480308847
1.5,0.9086939385845401,0.34288860750191924,0.18619499625790215,0.14843975393327707
1.516,0.9082353576946357,0.34473918856255936,0.1834123156754865,0.15041119777204015
1.54,0.9075667558675503,0.34744483044774854,0.1791541855582388,0.15332507947968416
1.56,0.9070302378727204,0.34963074573958053,0.17552743207468943,0.15570691501634404
1.576,0.9066187132028062,0.35133212066203157,0.17257314491292863,0.1575654509701875
1.596,0.9061251330104927,0.35338713115502257,0.16881907275991498,0.1598587750539657
1.612,0.9057543746578385,0.35497709304901676,0.165758792726642,0.1616303809264563
1.628,0.9053995288424939,0.3565116580890129,0.16265945606718224,0.16338065852280984
1.652,0.9048976546570809,0.35870585047944276,0.1579384357976285,0.1659695961006061
1.668,0.9045861615235684,0.3600908738279492,0.15474097195356346,0.1676716177088273
1.684,0.9042945484925031,0.361410006328465,0.15150200481097953,0.16935556392817291
1.708,0.9039002713403355,0.3632556170145711,0.14656076067878998,0.17184191769300905
1.728,0.9036149667373954,0.3646693336858984,0.14235966397526217,0.17386811568216165
1.748,0.9033790131478976,0.36597867128469636,0.13805921293373535,0.17580012118496727
1.772,0.9031290895602778,0.36741908251953836,0.1328438098758375,0.17808339897805867
1.788,0.902956109037147,0.36834211979598397,0.12937937700295088,0.17959791475200249
1.808,0.9027395593683865,0.3694513244670084,0.12505410110676385,0.18146240357436624
1.828,0.9025288713866022,0.37049737996899307,0.12072869445541323,0.18329741771530708
1.844,0.9023684330541861,0.37127925824593333,0.11726579094780858,0.184747874403699
1.864,0.9022083406050998,0.3721967612972067,0.1128783787204797,0.18640844012725769
1.884,0.902085645922456,0.37303188039091817,0.10845179942682301,0.18795460122083224
1.9,0.9020026926626615,0.3736298859142468,0.10491049164684096,0.18917110383441288
1.92,0.9019192396689064,0.37428909142261324,0.10048725976289224,0.1906614735462605
1.94,0.9018552720709965,0.37485268498960245,0.0960799091236755,0.19212303078951912
1.956,0.9018162692010244,0.37523208220367565,0.09257854913274352,0.19328088161852164
1.972,0.9017873920865205,0.3755461905605307,0.08910569297531384,0.1944344168597092
1.992,0.9017823457447323,0.375856669735001,0.08476550215364015,0.1957939095290764
2.012,0.9017748629078146,0.37606888161023877,0.08050687428679942,0.19721304803383363
2.028,0.9017782916885697,0.37617131816873906,0.07715126970063044,0.19833990105697807
2.052,0.9017981212103019,0.3762172829531405,0.07221557605582418,0.20001397892116798
2.068,0.9018173972359312,0.3761815336917588,0.06900370050913132,0.20112510351443244
2.088,0.901845835323756,0.3760667023186801,0.06509209694105156,0.2025120901724052
2.112,0.90188209060539,0.37586607231473645,0.06055321977639311,0.20412431808892295
2.132,0.9018919143211027,0.37569951506588856,0.05693888134326139,0.205423746404011
2.148,0.9018858566739036,0.3755634314550381,0.054161016661379374,0.20644798938164005
2.172,0.90186460299051,0.3753451561939334,0.05016019674379088,0.20794318465696376
2.196,0.90183291758405,0.3751067854974959,0.04635283191960199,0.20938940671255055
2.212,0.9018050887262524,0.3749350410240597,0.043924596912886,0.2103377538590233
2.232,0.9017814806366349,0.374697587432085,0.04097432737659151,0.2114543047025507
2.248,0.9017715103914204,0.37448601044969965,0.03868190465589039,0.21230189321799373
2.264,0.9017645033852943,0.3742563793767386,0.03645844800765119,0.21312870320552801
2.28,0.9017640189063147,0.3740080501770727,0.03429380580834618,0.21392417695795474
2.304,0.9017724460202037,0.3736027962428271,0.03116409352959565,0.21507276515148066
2.328,0.9017874369803938,0.373166013401187,0.028184053735392622,0.21617674981303817
2.344,0.9017997776187299,0.37285870859028314,0.026282387756039916,0.2168939588418965
2.364,0.9018257121943342,0.372453617299937,0.023976416446766208,0.21774732127368204
2.38,0.9018512020394281,0.3721159470416182,0.02219971734051529,0.2184063657193459
2.4,0.9018808858797649,0.37169312444914326,0.020069680888458702,0.2192088131806441
2.424,0.901872846304318,0.37126939017086685,0.017688032678425697,0.22016270215781028
2.448,0.9018282957491079,0.3709262566204319,0.015472755535168636,0.2210886326428884
2.464,0.9017843041798471,0.3707312121397447,0.014075445269432385,0.22168743923275866
2.48,0.9017358783233211,0.3705570417343483,0.01272651686775414,0.22225641737752577
2.5,0.9016827027353181,0.3703618145431032,0.0110813231780445,0.2228851229714002
2.52,0.9016206228302737,0.3701927780853817,0.009505137398153007,0.22348873996666188
2.54,0.9015543847541659,0.3700419227150872,0.007986727950728578,0.22406453282240996
2.564,0.9014666388608013,0.3698830692859032,0.006238798327996786,0.224734413648799
2.58,0.9014048258845528,0.36978745055006057,0.005114693281734944,0.22516745324783555
2.596,0.9013421374412123,0.36969734019198514,0.0040172508250091166,0.22558822128872175
2.616,0.9012831142770396,0.3695829923561673,0.002635067383008949,0.22603144577450943
2.636,0.9012213031190459,0.3694754962537682,0.0012857269728617782,0.22646520163672715
2.652,0.9011722866758363,0.3693919229849717,0.00022598597925246877,0.22680007090192228
2.668,0.9011242896852165,0.3693104396236922,-0.0008179638188738902,0.22712169137947866
2.688,0.9010591591797459,0.36921623240979085,-0.0020947660772885346,0.22752487865767196
2.704,0.9009898625546204,0.3691534320880003,-0.003078484506801399,0.22788951643666958
2.724,0.9009025378646318,0.36907960706651033,-0.004283420293877405,0.22833417703041653
2.74,0.9008325826387007,0.3690438051121916,-0.005244292071600681,0.22864790831641021
2.768,0.9006610567524594,0.3691085771089566,-0.00686339235175093,0.2291755013633518
2.788,0.9005142860277936,0.36922383811759474,-0.007990712917295778,0.22953011052103384
2.808,0.9003574837873691,0.36937382556210074,-0.009107785716808953,0.2298619216394741
2.824,0.90022893595301,0.36950801757794893,-0.009998988541298687,0.23011264358848915
2.844,0.9000832271848735,0.36967606646409995,-0.01112634000635554,0.23036092329262614
2.864,0.8999589472136384,0.3698274044559209,-0.012280596681127964,0.2305447605366706
2.884,0.8998530363338592,0.3699547531124351,-0.013458641242814234,0.23068789342358265
2.908,0.8997422486920549,0.3700708666573344,-0.01489197462593278,0.23084585526108126
2.928,0.8996605355957861,0.3701371625329881,-0.016102387119608846,0.2309761741081283
2.948,0.8995931098491476,0.3701676084509989,-0.01733101775368398,0.23110125165237602
2.964,0.8995483224385405,0.370165506474033,-0.018326315337736404,0.2312022426649135
2.992,0.8995136500249141,0.3700901741541012,-0.020135809286669387,0.231307202302986
3.016,0.8995126975696457,0.3699576781843845,-0.021735015940835184,0.23137827616649026
3.036,0.8995127741868622,0.36983627729064317,-0.023083584127891216,0.23144125840022953
3.056,0.8994844138378115,0.369773939811029,-0.02442891799893021,0.2315130784070632
3.076,0.899428955198553,0.3697666176686315,-0.02576607542298881,0.2315953331390313
3.096,0.8993494985190573,0.3698028220456212,-0.027097073300412777,0.2316944334542916
3.112,0.8992845939178671,0.3698475067662751,-0.028180975408976544,0.2317450835911476
3.128,0.8992176912912643,0.3699040365410453,-0.029272012774135547,0.23177949962691938
3.148,0.8991234808337412,0.3699881735675108,-0.030632158471609938,0.23183505532215937
3.164,0.8990424779991113,0.3700593830975817,-0.031715131664596774,0.2318896277950415
3.184,0.898934931600756,0.37015076585071494,-0.03306156406466759,0.2319726867385054
3.204,0.8988190311450699,0.37024527029645643,-0.03439539946623754,0.23207710217283564
3.224,0.8986949157307399,0.37034195495425526,-0.03571374918643519,0.2322044238917085
3.244,0.8985640975085294,0.3704372690143697,-0.03701665105157714,0.23235466179679287
3.264,0.8984413325228623,0.3705189169959019,-0.03830641300681106,0.23249011443042364
3.284,0.8983156364585538,0.3705903737782158,-0.03957334045778377,0.23264955044117402
3.3,0.8982162760084998,0.370633261053964,-0.0405707845981329,0.2327930074376246
3.316,0.8981195095720028,0.3706600043414586,-0.04155616395733647,0.23295004028945202
3.336,0.8979997100318968,0.3706685644371961,-0.04277077033026244,0.2331781059387955
3.356,0.8978875166913057,0.37064105727662816,-0.043973661485601334,0.2334301342254343
3.376,0.8977841085801009,0.3705745724495676,-0.04516735487166204,0.23370551651629065
3.392,0.8977115119400301,0.3704901970194532,-0.04611813135883838,0.23393194238475212
3.412,0.8976316185623887,0.3703681247623249,-0.04731147700356131,0.23419343743015986
3.432,0.8975263952426811,0.37028703354188597,-0.04850547588357035,0.2344808172863375
3.456,0.8973765973948817,0.3702186913492509,-0.04994785505132204,0.23485851983924166
3.48,0.89720966323783,0.37014565291679824,-0.051403792864121445,0.2352972236497629
3.5,0.8970818513796235,0.3700465111842984,-0.05264374531365565,0.2356660379080094
3.52,0.8969550618608807,0.3699163902028353,-0.05391030602447247,0.23606601460948295
3.536,0.8968571576689599,0.3697839045403062,-0.05494763435562808,0.23640655182642112
3.556,0.8967401652665596,0.36957914661898084,-0.056274988397459674,0.23685734793359714
3.576,0.8966290601947347,0.3693314234722923,-0.05764454289737106,0.23733466794156766
3.596,0.8965217605157599,0.3690418476701979,-0.0590635949994619,0.2378413729282729
3.616,0.8964196402408369,0.3687113104794393,-0.060544414354578135,0.23836551561821506
3.632,0.8963326925201367,0.3684221227998776,-0.061763387934655856,0.23882698230517715
3.648,0.8962477694280993,0.36810541868413926,-0.06302333695666237,0.23930453618695224
3.664,0.896165479316505,0.3677593261792625,-0.06432542307424002,0.23979721322964065
3.684,0.8960692570615681,0.3672777394998309,-0.06601447497386015,0.24043520211707436
3.708,0.8959576982237867,0.3666217819778357,-0.06812321995500184,0.24126261409033742
3.728,0.8958730902813843,0.366005130326387,-0.06995751741407413,0.2419868165180249
3.748,0.8957879085177083,0.3653505169238742,-0.07187449721960612,0.24272859293194732
3.772,0.8956470318146241,0.364586253641993,-0.07427390284972182,0.2436733829399449
3.788,0.8955380758212534,0.3640737366700737,-0.07593305350394663,0.24432800350191455
3.808,0.895398089339663,0.3634053565731961,-0.07807128505837685,0.2451606454561717
3.832,0.8952374312033877,0.3625306703367364,-0.08072308046878901,0.24618148166990034
3.852,0.8951183328904615,0.3617175110248864,-0.08300179719643483,0.24705125084571877
3.872,0.8950265998720652,0.36081420346312426,-0.0853454068683411,0.24790484674632804
3.888,0.894966978353197,0.36002719371922176,-0.08725737464678288,0.24859748214964333
3.908,0.8949112833163702,0.35895954178513667,-0.08968771764116595,0.24947554355282509
3.932,0.89487194724103,0.35754915890158234,-0.09265231101716839,0.25055627923859786
3.948,0.8948642654458905,0.3565290040003522,-0.09465244371271686,0.25128864192728917
3.964,0.89486943206274,0.3554482931875489,-0.0966676807837045,0.25203302444223197
3.988,0.8949087147427395,0.35370494148354525,-0.09973085079407504,0.2531500912303307
4.004,0.8949525530596538,0.3524652407373918,-0.10178914613861226,0.25390385533410387
4.024,0.8950222668855292,0.3508367340397112,-0.10436910408140249,0.2548642109876404
4.044,0.8951060928114425,0.34912515526406657,-0.10695031038756353,0.25584818302847007
4.064,0.8952005222999624,0.3473359080901093,-0.10952643338848297,0.2568613215638702
4.08,0.8952757542172809,0.3458702935681348,-0.1115817186726126,0.25769090348477514
4.1,0.8953419550415772,0.3440579170884666,-0.11415650968513882,0.2587572752511525
4.12,0.8953987894448905,0.3422468577353592,-0.1167406744812369,0.25980721505683696
4.136,0.8954308327619969,0.34079934703656933,-0.11880326251767045,0.2606630266887133
4.156,0.8954573829372883,0.33898169129121974,-0.12136270024084347,0.2617609654525196
4.176,0.8954707844722836,0.3371523426800823,-0.12389341969526563,0.262889304287405
4.196,0.8954704901486252,0.33531299794129693,-0.12638753400872788,0.2640529340661578
4.224,0.8954431592536487,0.33272885068014213,-0.12980952975724425,0.265749184649906
4.244,0.8954043750006888,0.3308786056473355,-0.13220581414140853,0.26700546454414714
4.26,0.8953597272797145,0.32939947110749845,-0.13409240506185038,0.2680413237355261
4.276,0.8953046450498875,0.32791813580937124,-0.13595079889007672,0.26910354009842463
4.296,0.8952245688801381,0.32605899417493084,-0.13823459098617127,0.27046205186031186
4.32,0.895111423025456,0.3238212924498447,-0.1409164446493737,0.2721357698870957
4.34,0.8950014611024582,0.32195395460948173,-0.14310253479232043,0.27356874225076266
4.364,0.8948636909526604,0.3196927093164354,-0.14567636341221818,0.2753072694013421
4.38,0.8947563923998365,0.31819693741696053,-0.147375021440338,0.27648221162931197
4.4,0.8945818206046896,0.3163881727133647,-0.14950177807865223,0.2779770474980544
4.416,0.8944180527242257,0.3149733290459673,-0.15120289934982498,0.279187745070312
4.432,0.8942369517341889,0.31357694122040813,-0.15289892930606036,0.28041354109263905
4.452,0.8939898947839797,0.31184873103985705,-0.15500778115192193,0.28196647479988063
4.48,0.8936123518856899,0.30943418380788024,-0.1579400584317319,0.2841872673269419
4.5,0.8933273471310856,0.3076885706595165,-0.1600374098389664,0.2858006921052512
4.524,0.892974888336965,0.3055692813941549,-0.162529473019991,0.2877629648472834
4.544,0.8926755590953269,0.3037738771430101,-0.164578047805173,0.2894235770585394
4.564,0.8923751798343588,0.30194645169012724,-0.1665942456213404,0.29110370716568035
4.584,0.8920777766062964,0.30008803260650196,-0.16856832034089964,0.29279564444418404
4.604,0.8917873466453822,0.29819401318832267,-0.17049375756899265,0.29449548850743995
4.62,0.8915568146114885,0.29665452123836217,-0.17199104431325263,0.2958743435628672
4.644,0.8912243852238688,0.2942990377514645,-0.17415911145156066,0.2979527312653449
4.66,0.8910133206206317,0.2926978530686463,-0.1755473565212177,0.2993434733464325
4.676,0.8908101108307919,0.291075241510902,-0.1768873703654849,0.3007382141644915
4.7,0.8905163762463748,0.2886047800502743,-0.1788061439672046,0.3028470421533461
4.72,0.8902858606141205,0.2865131461513436,-0.1803182371060978,0.3046092167340968
4.74,0.8900643060371601,0.2843938074525342,-0.18175132234369556,0.3063858996360471
4.76,0.8898386965726817,0.28227457050573557,-0.18313571104836318,0.3081713510512942
4.78,0.8895915889360277,0.28019087591775604,-0.18450066622230082,0.3099668838384341
4.8,0.8893315860006685,0.2781256041484079,-0.18583779444933524,0.31176905339612304
4.82,0.8890629193411409,0.27606137202912634,-0.18713731335812717,0.31358694582161706
4.84,0.8887932499007352,0.2739795721943024,-0.1883930638242747,0.31542030616983446
4.856,0.8885917416028541,0.2722835155766397,-0.18936755541169592,0.3168696514092436
4.88,0.8883373744521745,0.2696593424436988,-0.19078209920782024,0.3189714028232167
4.9,0.8881394271219949,0.26742214277969517,-0.19190655057982225,0.32072682874582914
4.916,0.8879931486896504,0.26559613448487146,-0.19277411661094385,0.322125939386845
4.932,0.8878588712300065,0.2637363839952217,-0.1936145432778104,0.3235170347748822
4.956,0.8876760460966766,0.26089196846741924,-0.19482605152844573,0.3255909225479342
4.976,0.8875458392625593,0.25847271977086544,-0.19580164383367604,0.32728582224630287
4.996,0.8874294229872296,0.25601226975514313,-0.19674725973670387,0.32896406452019933
5.012,0.8873412789734821,0.25402121308203796,-0.19747956226131358,0.3303036143160671
5.036,0.8872143351331959,0.2510007067993263,-0.19854155100871793,0.3323111877802948
5.056,0.8871076859403891,0.24846304668418961,-0.199395662231034,0.3339874076351789
5.072,0.8870225149935659,0.2464203782102392,-0.20005954031164136,0.3353269226048879
5.092,0.8869058768142302,0.2438697615041486,-0.20088391424937194,0.3370032710574379
5.112,0.8867508685730592,0.24136599511781803,-0.20174683268295024,0.33869384460341084
5.128,0.8866049923312138,0.23938635374126926,-0.20245978903912493,0.3400524672894312
5.148,0.8864060192313048,0.23692375974519625,-0.20337006859133247,0.3417487703846255
5.172,0.8861507622649951,0.23397101182938201,-0.2044779715224953,0.3437777073769104
5.192,0.8859330826631868,0.2315002406907296,-0.2054156911590729,0.3454484065126339
5.208,0.8857562661301661,0.22951266313390684,-0.20617043885160652,0.34677573792903443
5.232,0.8854861297644315,0.22651724973231097,-0.20729871224971594,0.34875695427759257
5.248,0.8853024140234402,0.22451272959228882,-0.20804679235536083,0.350071551400323
5.268,0.8850703131496601,0.22199216397181545,-0.20898077287210753,0.3517057450251079
5.288,0.8848404379423318,0.21944822803563865,-0.20990984510415445,0.3533238800272108
5.304,0.8846575460996384,0.2173959440126776,-0.21065217396323405,0.3546066803239856
5.32,0.8844773986572453,0.2153262837243709,-0.21139993307418498,0.35587154868250137
5.348,0.8841656533020491,0.21165938489649969,-0.21272006377677588,0.35805266827369975
5.368,0.8839687190255909,0.20897951567798734,-0.21367283200449372,0.35954263029324646
5.388,0.883774300553723,0.20626847318548205,-0.2146372684229561,0.3610085727463472
5.408,0.8835822504112253,0.20352657644634992,-0.2156151125978542,0.36244932091764476
5.428,0.8833775664267253,0.20077511519835742,-0.21663039799769435,0.3638745518444099
5.448,0.8831359087746619,0.19805463391665257,-0.21773223668209477,0.3652918957363904
5.472,0.882803533752673,0.19481978551830426,-0.21914669450586866,0.3669848038274052
5.492,0.882513689552561,0.19211983036687047,-0.2203884020246638,0.3683593650831394
5.516,0.8821486455347864,0.18887087541433525,-0.22192773062884308,0.36998598812394345
5.536,0.8818287305494928,0.18615745964516697,-0.22322938171242668,0.37133857022217204
5.556,0.881498307206895,0.1834394737992757,-0.2245344875955882,0.3726864398673233
5.588,0.8809641988539736,0.1790743710985106,-0.22659622602554508,0.37481841290881196
5.604,0.8807140615907928,0.17687792757177945,-0.22759844947207003,0.37584033677554846
5.628,0.8803522215815529,0.17357555624269017,-0.22905151787079644,0.37734185705304646
5.648,0.8800599235904556,0.17081915339720036,-0.23020700268449595,0.378576332024715
5.668,0.8797761817869024,0.16805999769202454,-0.23129999437616033,0.379802786094923
5.684,0.8795546154600313,0.16585426399123146,-0.23212522126256743,0.38078091360039495
5.7,0.879340027489098,0.16364994314395714,-0.23290601406474398,0.3817518861654243
5.72,0.8790806702452496,0.16090175412633384,-0.23381891865675264,0.38295766558478467
5.74,0.8788371221054083,0.15815573422785797,-0.23465512452652512,0.3841473192656524
5.768,0.8785013924347034,0.15434425635222018,-0.23573797686142373,0.38579904349018934
5.792,0.8781885041138804,0.15114830523677916,-0.23666316713128743,0.3872076321427178
5.812,0.877918801365758,0.1485202985829902,-0.23741045716936196,0.38837694634125536
5.836,0.8775961241901631,0.1453962383503401,-0.2382514843291586,0.3897707988861412
5.856,0.8773396137668423,0.14280330004923547,-0.23888645457169444,0.39091636446649325
5.876,0.8770959252397411,0.14021529004497524,-0.2394473918930155,0.3920553482758092
5.896,0.876869082472431,0.13762589249152785,-0.23992526761684027,0.3931865072820745
5.912,0.8767082704684754,0.13554535636603732,-0.24024399531336357,0.394072210262595
5.932,0.876533101868521,0.13293322369300134,-0.24056470361817023,0.39515463591256234
5.948,0.8764155784954947,0.13083248191014646,-0.24075990844247022,0.39599659496394923
5.968,0.8762997194707665,0.12818655840928977,-0.24092307436030472,0.3970180084518029
5.984,0.876237305894213,0.1260419363681285,-0.2409851972320738,0.3978035249555527
6.004,0.8761943916005606,0.12333442651412979,-0.24097679527642568,0.398751082626123
6.028,0.8761836488697198,0.12005724426398717,-0.24084627819591223,0.3998520910301798
6.048,0.8762075991686378,0.11730290319994138,-0.24064313630563042,0.4007382914838529
6.064,0.8762345721709438,0.11509737555944892,-0.24045673138050588,0.40143009833208426
6.084,0.876265295640365,0.11235082720907769,-0.24022717749233274,0.4022778449631571
6.108,0.876307472138017,0.10906118672249301,-0.2399334967450181,0.403265167941389
6.124,0.8763421582274321,0.10686966009247931,-0.2397131046289703,0.40390725695680846
6.144,0.8763969622966031,0.1041299392525398,-0.23939711150728477,0.40469067890505445
6.164,0.8764711422047209,0.10138530678895448,-0.23902352300157212,0.4054468542096582
6.188,0.8765899002614672,0.09807944038446899,-0.23848565892024842,0.406319156210078
6.208,0.8767126691704533,0.0953182959214939,-0.23796550228178423,0.4070157298546294
6.228,0.876858530782619,0.09255081191222123,-0.23738012424308283,0.40768144748709995
6.244,0.8770014871119614,0.09032725765007964,-0.2368530688674083,0.4081790120332725
6.268,0.8772449161759037,0.08698466566950783,-0.23597074347092553,0.4088923160555815
6.288,0.8774702131476058,0.08419729679413536,-0.23515983414835132,0.40945896833072376
6.304,0.8776629504580855,0.08196824164897659,-0.2344691196964409,0.40989431617203975
6.328,0.8779704779362946,0.07863150755621955,-0.23337073984361867,0.41051548062745563
6.348,0.8782331426950614,0.07586527668986105,-0.23241364543866666,0.4110168914338425
6.372,0.8785080257605106,0.0725724162583931,-0.231319697689258,0.41164085840888975
6.388,0.8786761561103477,0.07039703670885063,-0.23062559944619995,0.41204908297950293
6.408,0.8788746818669386,0.06769441935545163,-0.22977692349713721,0.4125523591877516
6.428,0.8790668912333697,0.06500517982740517,-0.22893107057355538,0.4130454000393658
6.452,0.8792981990760107,0.06179625079247901,-0.22789296116977673,0.4136189330181581
6.472,0.8794961911061239,0.05913860520162554,-0.22699405297950195,0.41408055543890615
6.496,0.8797495809481726,0.05596826893288917,-0.22585781173028108,0.41460420068466186
6.512,0.8799293362374827,0.05386485977590208,-0.22505712327406088,0.41493630996675607
6.536,0.8802182718419658,0.050727883109716196,-0.2237823409925846,0.41540815574519524
6.552,0.8804225130030467,0.04865074797647101,-0.2228856995033806,0.4157058614836716
6.572,0.8806896356498644,0.04607085719534755,-0.2217145780017054,0.41606006761565895
6.592,0.8809708216247629,0.0435110252039331,-0.22048623940023535,0.41639283332744786
6.612,0.881264270297824,0.04097190611908829,-0.21920469022022152,0.4167060299049471
6.632,0.8815721832043497,0.0384542708151085,-0.2178624139607338,0.41699860841653785
6.656,0.8819498880688894,0.035467140970900556,-0.2161790689066378,0.417340656592482
6.676,0.882268715724184,0.03300583624032099,-0.21472429440340882,0.4176194414790688
6.696,0.88259439909478,0.03056622808398385,-0.21322918192679363,0.4178830899396952
6.72,0.8829913280288665,0.027667054641881864,-0.21138669611277006,0.4181822839584162
6.744,0.8833719110794256,0.024797059109206217,-0.2095746779436159,0.41847068544639887
6.764,0.8836657440192291,0.02242600786759489,-0.20812560661211552,0.4187071276919743
6.788,0.8839992497903276,0.019604107977054162,-0.2064334608768044,0.41898262987669815
6.812,0.8843008694325926,0.016813160420735995,-0.20477350497839364,0.4192815918729657
6.832,0.8845428662584023,0.014499915833336763,-0.20340919838689198,0.4195217752461813
6.852,0.8847765023975595,0.01219748339878074,-0.2020599788786779,0.4197542433168606
6.868,0.884964538401285,0.010359849241726483,-0.20098372893441727,0.41992374265180105
6.892,0.8852467079242439,0.007617172051134408,-0.19937040644712248,0.4201568244932445
6.912,0.8854798890954184,0.0053506219766098415,-0.19802321887673027,0.4203374872204259
6.928,0.885664884651448,0.003549635821524351,-0.19694420638474197,0.4204737955526194
6.948,0.8858926256423864,0.0013109264140111418,-0.19559629389877847,0.4206360330750798
6.964,0.8860705050349582,-0.0004677533860638766,-0.19451985486863183,0.4207621379943414
6.988,0.8863244544412425,-0.0031129203979270367,-0.1929270254883928,0.4209493559671421
7.008,0.8865039266867938,-0.005303958498385691,-0.1916867175075175,0.4211162263649732
7.032,0.8866859310370373,-0.00791708896753307,-0.1902867569080795,0.4213270821041991
7.052,0.8868150377553545,-0.01008006156095985,-0.1891761639234426,0.42150898502160417
7.068,0.8869066876123884,-0.011800400128530009,-0.1883134143297438,0.4216580903454377
7.092,0.8870103127375889,-0.01435294163097963,-0.1870480992823047,0.4219237740946432
7.112,0.8870798339246,-0.016457687627989076,-0.18602341824975704,0.4221539105676665
7.136,0.8871464389575194,-0.01895839311576855,-0.18482254287786254,0.4224363108468564
7.152,0.887186587193558,-0.020613501272510326,-0.18403003148674285,0.4226203738091766
7.172,0.8872322294409202,-0.022664765650855415,-0.18304147905021478,0.42284884272505435
7.192,0.8872758785710074,-0.024696502112249025,-0.18204359050730914,0.4230743304586896
7.208,0.8873131279796409,-0.026308615812833766,-0.1812280304096235,0.42324921813493965
7.228,0.8873626341843192,-0.02830964990539729,-0.18018107948764292,0.423463161602788
7.252,0.8874215289510018,-0.030687612207539697,-0.1788781597775237,0.42372620453567145
7.268,0.8874656316539865,-0.032256930526735575,-0.1779778656659942,0.42389648222970944
7.284,0.8875105599607077,-0.033810791648500205,-0.17704975190658473,0.4240699696764066
7.304,0.887569251349988,-0.03572773911235001,-0.17584575627822838,0.42429072088465825
7.32,0.8876209755524471,-0.037241397092792686,-0.17484738812807432,0.42446514118470424
7.34,0.887690654193314,-0.03911049296121957,-0.17355969350517142,0.4246795408087713
7.356,0.8877367717047748,-0.04058310373119722,-0.1725132071559652,0.4248712556423596
7.376,0.8877815435117055,-0.042414976782749664,-0.17123464038762007,0.4251160754100971
7.4,0.8878134524744185,-0.04461348950845852,-0.16975295094279724,0.425418692035674
7.42,0.8878234537655363,-0.04644455328270537,-0.16854379520005489,0.4256824327882579
7.436,0.8878240338002307,-0.04790568856815751,-0.1675778864985909,0.4259004295045355
7.456,0.887824532746745,-0.04972840728364944,-0.16635876443662828,0.42616836240911266
7.472,0.8878252063133765,-0.05118444324899636,-0.16536965548331778,0.42637972494776577
7.496,0.8878406120892824,-0.053361316197990755,-0.1638503182126651,0.42666691613123003
7.512,0.8878559896696919,-0.0548098960457315,-0.16281158968423132,0.42684897040167413
7.532,0.8878781385139118,-0.056613718473252445,-0.16148619174559858,0.4270708899274577
7.556,0.8879065575657095,-0.058768707314511684,-0.15985508218811284,0.4273344099097839
7.572,0.8879298865121039,-0.060203391969970876,-0.15874182040743087,0.4275010344039524
7.596,0.8879660224923274,-0.062348177808617566,-0.15703435103380342,0.4277492135996715
7.612,0.8879886426505833,-0.06377036438752463,-0.15587235073628314,0.42791753563293516
7.632,0.8880161966041218,-0.06554384952613944,-0.1543952907721589,0.42812767348419595
7.648,0.8880413884221794,-0.06696173621085663,-0.15319536394145514,0.4282872607585229
7.672,0.8880731565722116,-0.06908140992612939,-0.15136770359507576,0.4285343613227746
7.692,0.8880904307841977,-0.07084496296750303,-0.14983500868933025,0.4287493533869407
7.712,0.8880783404920343,-0.0726316870333068,-0.14835448154473957,0.42899002622155213
7.728,0.8880496185859446,-0.0740794774177878,-0.1472136511150946,0.4291950055964238
7.744,0.8880147814711756,-0.0755367297630466,-0.14609644950184625,0.429394855279068
7.764,0.8879545340703765,-0.07737047184029579,-0.1447197227505355,0.42965912234409837
7.788,0.8878610607258799,-0.0795831082667811,-0.1430816838432045,0.4299964356603004
7.804,0.88778903833873,-0.08106005662731801,-0.14198917540190775,0.43023140927650716
7.82,0.8877104994295534,-0.08253258159231026,-0.14089169939850515,0.4304742226675774
7.84,0.887603114912892,-0.0843623082581858,-0.13950960641253712,0.43079109849495295
7.86,0.8874950295954813,-0.08617172541651315,-0.13810412200688374,0.4311083776124371
7.88,0.8873921213713608,-0.08795676300060631,-0.13666851352622306,0.431417134791194
7.9,0.8872833890834636,-0.08971600929957928,-0.13520687631563516,0.4317387288343313
7.92,0.8871649514497963,-0.09144459131873647,-0.1337189892161305,0.4320827114420449
7.936,0.8870626117531669,-0.09280522338155048,-0.13251421964946938,0.4323738981202915
7.952,0.8869537004306718,-0.09414658121027547,-0.13130248477283485,0.43267693723060796
7.976,0.8867771790913994,-0.0961219043086882,-0.12947544848770703,0.4331545223147926
8.004,0.8865430129867248,-0.09839498526633457,-0.12737421217385247,0.433746137893308
8.024,0.8863377794566139,-0.1000325780184582,-0.1259464400147414,0.4342079178626149
8.048,0.8860606511202602,-0.10199869543244945,-0.12428588075267932,0.43479401889579117
8.064,0.8858651252906348,-0.10330354008078557,-0.12319388831916725,0.43519501185528775
8.084,0.8856115184246722,-0.10491868595034277,-0.12182604044158904,0.43570954778615645
8.108,0.8853005324827998,-0.10682171580631362,-0.12015905636680511,0.436341522092495
8.124,0.8850945657596402,-0.10806148582274833,-0.11901998678654829,0.4367661818914288
8.148,0.8847854524225588,-0.10987610346060539,-0.11725870387438797,0.43741551238466914
8.172,0.8844782126135589,-0.11163529922934586,-0.11542182758133525,0.43807973855142346
8.192,0.8842251119833751,-0.11305727067896536,-0.11382921156340112,0.43864220898630885
8.216,0.8839174447966637,-0.11471337913935237,-0.11184645025076292,0.43934179508339233
8.232,0.883714508204179,-0.11578905515365044,-0.11047897946229046,0.4398136826612388
8.248,0.8835134117215762,-0.11684445394234853,-0.10907605852173916,0.440288418146525
8.268,0.8832642444211458,-0.11813570019567951,-0.10726933928950028,0.44088728271585625
8.288,0.8830146216485047,-0.11939500380301196,-0.10540253995079864,0.441497946176275
8.304,0.8828162737095699,-0.12038205529518413,-0.1038670878943804,0.4419901957812703
8.324,0.882568227151261,-0.1215952043359904,-0.10190597026023754,0.4426094779559075
8.344,0.8823005975098557,-0.1228331018249664,-0.09995674657196983,0.44324530294704273
8.368,0.8819652285616176,-0.12434872645418352,-0.09763878926703831,0.44400605140934424
8.384,0.8817343709898506,-0.1253705443627639,-0.09608733035682868,0.4445155793531288
8.404,0.8814399675372155,-0.12665196160665618,-0.09412620917797926,0.4451552216781743
8.424,0.8811372247016462,-0.12793398619868673,-0.09213098144669257,0.44580509769919036
8.44,0.8808935952751977,-0.12895699180525988,-0.09050371670905578,0.4463246977325853
8.46,0.8805874903863745,-0.13022973442015354,-0.08842833589593804,0.4469747159520839
8.484,0.8802178182683168,-0.13174694774151546,-0.08586854706779556,0.44775666898270317
8.508,0.8798438110795378,-0.13325081559253207,-0.08323104963052926,0.4485440713287206
8.524,0.8795955486171843,-0.13424291174071068,-0.08142515768927677,0.4490663887701661
8.54,0.8793490004231724,-0.13522402465699698,-0.0795793571635119,0.4495852988673177
8.56,0.8790449156579916,-0.13643028649522948,-0.07720768265205377,0.45022868264207305
8.58,0.8787468655065199,-0.1376112208645155,-0.07475924155204627,0.4508637315555724
8.608,0.8783384456274939,-0.13921812157115765,-0.07119840915796523,0.45174184921718774
8.628,0.8780477681032014,-0.14033133595415875,-0.06856399698287363,0.4523696382363884
8.652,0.8777074505392028,-0.14161717350480402,-0.06530348811037583,0.4531110193258361
8.672,0.8774226934541257,-0.14267577040442156,-0.06253626358312897,0.45372048232166845
8.688,0.8771849129554055,-0.1435459005932282,-0.06031658475310986,0.45420600131865274
8.708,0.8768787559555155,-0.14465026389328964,-0.05752184029151844,0.45480908185302465
8.724,0.876630300459176,-0.14553861483037867,-0.05526368465407379,0.45528440917604096
8.74,0.8763779033703476,-0.14642266261955572,-0.05298358468389419,0.4557574842662916
8.756,0.8761295507665655,-0.1472974120722871,-0.05067340725058336,0.4562157557817809
8.776,0.8758245031229842,-0.14837122467309086,-0.04774102590580531,0.45676946647238587
8.8,0.8754602676186588,-0.14962052231392753,-0.04415504297912867,0.45742038172578003
8.82,0.8751590796372832,-0.15061977671911778,-0.04110935519274171,0.45795252052439167
8.84,0.874857212779089,-0.15157684974059366,-0.03801212385083644,0.4584806218280903
8.86,0.8745556711800866,-0.15248993860150928,-0.034869443126324284,0.4590027476261683
8.876,0.8743145044713243,-0.15318737795813414,-0.03232786716405317,0.4594155994304528
8.896,0.8740133711622327,-0.15401771675527798,-0.0291150235676043,0.45992569593863836
8.916,0.8737199813487246,-0.15479867953535104,-0.025862402992169214,0.46041493081176665
8.932,0.8734843761192971,-0.15538419376998075,-0.023233143615752183,0.46080497169377516
8.952,0.8731862186555592,-0.1560715316756065,-0.019919966296884653,0.46129244956008514
8.972,0.8728691252058224,-0.15676134538932296,-0.01661879185857637,0.4617890914894601
8.996,0.8724692949404421,-0.15760774334048738,-0.012702815163926406,0.46238063117194805
9.016,0.8721169084333437,-0.15831520371566837,-0.009453895495857095,0.4628812037881659
9.036,0.8717418715466816,-0.15901088957874612,-0.006212254504411596,0.46340396352428365
9.056,0.8713411727256526,-0.1596861792221996,-0.002973848186063499,0.4639569863706476
9.076,0.8709278077377304,-0.16034269541417132,0.0002615647741017607,0.4645158009226944
9.1,0.8704158930722826,-0.16109873274194741,0.004144298816035535,0.46519500993908797
9.12,0.8699706633143318,-0.1617000197056439,0.0073696359368266295,0.46577890195547905
9.144,0.8694248807385794,-0.16238052445685242,0.01123732182986946,0.46648326672646195
9.164,0.8689615436820615,-0.16291214148101757,0.014455137725728331,0.46707227853923533
9.188,0.8683797492558782,-0.16350122865937256,0.01830871531372759,0.46781297153642054
9.204,0.8679865795407353,-0.16386668301797436,0.020872972206371798,0.4683068370537362
9.22,0.8675900834286838,-0.16421091087717887,0.023432768672212473,0.46879971225372347
9.236,0.8671887839860504,-0.16453297839253977,0.025984927292331775,0.4692944966272976
9.252,0.8667815235082823,-0.16483398365475888,0.02853246666098362,0.4697931523523689
9.268,0.8663715275989279,-0.1651140453924615,0.031073683403909078,0.47028951281598513
9.284,0.8659585905994868,-0.16537295724208984,0.03360596434334666,0.47078476706257083
9.304,0.8654280213137597,-0.16570630118588137,0.03674170268662402,0.4714083708224635
9.324,0.8648680500307839,-0.1660904152832932,0.039822773588659,0.47205026529355204
9.344,0.864292761019287,-0.16650727608055169,0.04286426896907318,0.47269008354844333
9.368,0.8635785240577578,-0.1670383020498731,0.04647604785482333,0.4734663104123508
9.384,0.8630938358587152,-0.16739464261378745,0.04886547150106357,0.4739835146035763
9.408,0.8623606076128376,-0.16790944482732606,0.052431687225896625,0.4747542092318106
9.428,0.8617469956230481,-0.168306101980693,0.05538899669472905,0.475391785331632
9.448,0.8611321162100178,-0.16866362285049938,0.058330429744951146,0.47602707553781315
9.472,0.8603945959926494,-0.1690254744860285,0.06184327119336011,0.4767881724351938
9.488,0.8599036234779166,-0.169221200974302,0.06417657020984098,0.47729600096757535
9.504,0.859414474445594,-0.1693766962532666,0.06650232351781926,0.47780324233290256
9.52,0.8589267932759665,-0.16949069333611522,0.06881925541304527,0.4783110871885019
9.54,0.8583187941045614,-0.16957154370950894,0.0716998098975492,0.4789504953343377
9.556,0.8578358663628565,-0.16958227256817027,0.07399222958715025,0.47946293872719636
9.58,0.8571173407445118,-0.16950356898921293,0.0774105761924662,0.48023556994200445
9.6,0.856521403660709,-0.16934684888257623,0.08023477609379145,0.48088988685036177
9.62,0.8559432213038269,-0.16909988634103812,0.08303212872202524,0.4815311025964509
9.64,0.8553616773706305,-0.1688208404743578,0.08578917310340535,0.4821785112177609
9.656,0.854887915801662,-0.16861447853713069,0.08795330305166357,0.4827009768462428
9.684,0.8540432837378354,-0.16827680688952984,0.09166119057015394,0.4836231630990228
9.704,0.8534291370781297,-0.16804142174301104,0.09425930935891087,0.48428922872777785
9.724,0.8528089185248507,-0.16779929407444694,0.09682195925385437,0.48495970276934053
9.74,0.8522956001824051,-0.16760661460862353,0.09884758333077551,0.4855198304857161
9.76,0.851646938461722,-0.167360654059305,0.10135130682120734,0.48622610239782993
9.776,0.8511252435064395,-0.1671532258690948,0.10333526563432842,0.48679298711960006
9.796,0.8504716328450771,-0.16687178005021147,0.10579693813968413,0.48750261381295
9.812,0.849952725012517,-0.16662524977966534,0.10775162172397416,0.48806369902696356
9.832,0.8493050425065796,-0.1662866035491538,0.11017766670910502,0.48876433185505125
9.848,0.8487886066344448,-0.16599288701873255,0.11210372245314557,0.48932320433981824
9.868,0.848157759439019,-0.16558081866228594,0.11449372666457351,0.4900028231946827
9.884,0.8476538914497126,-0.16522151508109884,0.1163923998538278,0.4905482285449135
9.9,0.8471527363701624,-0.16483677080150422,0.11827958684665651,0.49109173095465714
9.924,0.8464034145856221,-0.16422346866127902,0.12108512620628345,0.4919048734725251
9.948,0.8456429735006876,-0.16367675410529958,0.12384395149999122,0.49270759645231543
9.972,0.8448701010019586,-0.1632320011852928,0.1265552689046348,0.4934913268991545
9.992,0.8442193060742771,-0.16291889177410113,0.12878612151924387,0.4941308205586826
10.008,0.843691714688011,-0.1627002827430855,0.1305569149062331,0.49463905156187515
10.024,0.8431581512658389,-0.16250295387589586,0.1323195958349186,0.49514524331836346
10.04,0.8426161977164286,-0.16232341081558416,0.134076587952589,0.49565369847046226
10.056,0.8420698243913614,-0.1621570387538852,0.13582916629306466,0.49615921579073274
10.072,0.8415198689592229,-0.16199935255578019,0.1375776292042725,0.4966619332088446
10.092,0.8408276119668503,-0.1618127353248432,0.13975955015412012,0.49728550928038223
10.112,0.8401291665477453,-0.1616330392588876,0.14194439074124487,0.4979051706865362
10.128,0.839565552276937,-0.16148742386122616,0.14369528446604343,0.49840067336244087
10.144,0.8390024155588922,-0.16133051414043875,0.14544786973996518,0.4988912921382458
10.164,0.8383058322235861,-0.1611103632064224,0.1476432254646203,0.4994880240636929
10.188,0.8374843255962162,-0.16080482904176896,0.15028500871464373,0.5001764378675089
10.204,0.8369404164566759,-0.16057319907493645,0.15204854181205163,0.5006278869543034
10.22,0.8364006309005556,-0.16031435716644282,0.15381493768240914,0.5010731582254989
10.24,0.8357453701850183,-0.1599333838582105,0.1560186572434059,0.5016067179721819
10.256,0.8352248362111651,-0.15958853365050604,0.15778483836111745,0.5020307912652426
10.272,0.8347037861664699,-0.1592448113996873,0.15955280063848476,0.5024476306552745
10.292,0.8340462296574219,-0.15884763163418114,0.16176543907846708,0.5029574468081396
10.308,0.8335099184211139,-0.1585417325376944,0.16353996865916592,0.5033690931800859
10.332,0.8327032408759585,-0.15807638230823273,0.16621861621384384,0.5039728189880824
10.352,0.8320320945860176,-0.1576639072870371,0.16846843571067394,0.5044632109621774
10.372,0.8313620584388364,-0.15721533407923327,0.1707350902303812,0.5049455905137904
10.392,0.8306955033969383,-0.15671635809745116,0.17302290976025353,0.5054186831637826
10.412,0.8300386831797438,-0.15615413697475064,0.17532973496971024,0.5058765251157169
10.432,0.8293946316540315,-0.15550955902368094,0.17765665973208733,0.5063196083865904
10.452,0.8287587125469353,-0.15476945694585345,0.18000582139270477,0.5067577829602731
10.472,0.8281383082590728,-0.15392407522458765,0.18237715325724535,0.5071813527181893
10.488,0.82765961043045,-0.15316351409552315,0.18428727976070686,0.5075026457953618
10.508,0.827080036041889,-0.1521018685557339,0.18669062522843083,0.5078879940998307
10.536,0.8263015705533059,-0.15041805583909457,0.19008056454176597,0.5083989624706556
10.556,0.8257670004822459,-0.1490871646459437,0.1925149635577162,0.5087436080275074
10.576,0.8252497384307411,-0.14766182270352485,0.19495805900701269,0.5090680408071134
10.596,0.8247511528682332,-0.1461638987900314,0.19741116211220028,0.5093629621943437
10.62,0.8241766875561731,-0.14436132453944978,0.20037758629233282,0.5096483909166754
10.636,0.8237870228273632,-0.14318964572280632,0.2023685776930178,0.5098223906606257
10.656,0.8233018872899973,-0.14173132774818692,0.20486977515269827,0.5100143152650121
10.672,0.8229146449515543,-0.14055953938139065,0.20687774282149704,0.5101530550378655
10.692,0.8224272359490599,-0.1390919600440511,0.20938917242505195,0.5103168329199248
10.708,0.8220312361442328,-0.13792291621265207,0.21139492857713904,0.5104450769423382
10.728,0.8215017297122664,-0.13647080057934288,0.2138895858618486,0.5106486556532694
10.744,0.8210770075207176,-0.13530841313807715,0.21587209052563855,0.5108067557813898
10.764,0.8205386987325558,-0.1338532498633632,0.2183328077122113,0.5110090858796873
10.784,0.8199940985265624,-0.1323945663286852,0.2207682171524044,0.5112168261468722
10.8,0.819553761832321,-0.13122296143823356,0.22269754526637658,0.5113882681873094
10.816,0.8191118151058486,-0.13004602010216718,0.22461028314569614,0.5115605758540179
10.836,0.8185580270935654,-0.12856109400320095,0.22697529372656405,0.5117783712256128
10.852,0.8181243895359863,-0.12735594264792585,0.22884594302882233,0.5119399506171304
10.876,0.8175044197230626,-0.1255072504592915,0.23161271548234583,0.5121425348976715
10.896,0.816989337769564,-0.1239485242471032,0.23387933200203342,0.5123141521647676
10.912,0.8165787733578878,-0.12268860658677272,0.23566526161483853,0.5124536250255278
10.928,0.8161732213803227,-0.12141279583743902,0.23742467921717464,0.5125911580976711
10.948,0.8156698150000187,-0.11979405549769151,0.2395838371391838,0.5127688509747279
10.968,0.8151647920886316,-0.11815434518943552,0.24170076028406076,0.5129588240475624
10.988,0.8146544704670129,-0.11654867354191006,0.2437892376461471,0.5131484365712129
11.004,0.8142440696027575,-0.11530723940802273,0.2454458227200364,0.5132906318265447
11.028,0.8136140906323952,-0.113485155136618,0.24790576886828142,0.5135135237487929
11.048,0.8130801046589375,-0.11198055777022789,0.24992528736063768,0.513710457290924
11.064,0.8126486549115424,-0.1107749337959045,0.25151883036918277,0.5138769553181305
11.084,0.8121053043023629,-0.10925241765666621,0.25348260626231295,0.5140968272710175
11.108,0.8114522866177696,-0.10738804645287138,0.25579356669041897,0.514375872196738
11.124,0.8110197957580398,-0.1061152712261518,0.2573027538367329,0.5145695478359892
11.144,0.8104702046275949,-0.10448302122163472,0.25915702014342407,0.5148387137976427
11.164,0.8099231999465862,-0.1028017270397005,0.26097123678726164,0.5151215229818177
11.188,0.8092714749941693,-0.10071497989387065,0.26309260606391704,0.5154788778544568
11.212,0.8086225074874895,-0.09855444783736819,0.2651532067612626,0.5158589828220742
11.232,0.8080766363910958,-0.09671003036477728,0.2668295918067073,0.5161990831375534
11.256,0.8074190620764492,-0.09444488989706566,0.2687937698996168,0.5166279738264333
11.272,0.8069818151839928,-0.09290338288355529,0.27007052624036376,0.5169247512674362
11.292,0.8064389732663882,-0.0909357748356729,0.2716261280147487,0.5173067192136931
11.312,0.805900528538187,-0.08893109602822963,0.273141983850967,0.5176960616941676
11.336,0.8052475257366095,-0.08655636337759919,0.274947786709052,0.518158387487348
11.356,0.8047072202601561,-0.08458259391891138,0.27643563807078186,0.518532004360797
11.376,0.8041727682862476,-0.08259152886786637,0.2778974660899292,0.5189007593960979
11.392,0.8037481999730128,-0.0809789799842965,0.27904261749023784,0.519198128915429
11.412,0.803227030810761,-0.07893227627378159,0.28043941513621834,0.5195669685772868
11.432,0.802720695722793,-0.07684603884069285,0.28179082573592124,0.519930831498389
11.456,0.8021200913940678,-0.07429096295128754,0.2833486695065611,0.5203824392279244
11.476,0.8016220377786472,-0.07212549260994974,0.2845955346257063,0.5207739556579684
11.496,0.8011276933701237,-0.06993433875677303,0.28579571683710236,0.5211760481761005
11.512,0.8007310776787457,-0.06816990548209974,0.2867239670001673,0.5215094023512802
11.532,0.8002320517163095,-0.06595418968469101,0.2878464934310287,0.5219416724113205
11.556,0.7996272685449213,-0.06329146311430897,0.28913957942293833,0.5224833427207823
11.58,0.7989923657918054,-0.06064668978738717,0.29037762794161825,0.5230812761808361
11.6,0.7984543176892028,-0.05846343992813159,0.29137307653568717,0.5235977431740145
11.628,0.7976700482624941,-0.05553595530417066,0.2927758749149362,0.524328743849121
11.644,0.7971995094634345,-0.05394913864360859,0.2935947823488252,0.5247519178429424
11.668,0.7964705667422227,-0.05165430449396309,0.29483098473183333,0.52539614433108
11.688,0.7958477913966164,-0.04980693395352032,0.2958601669705616,0.525939439471072
11.708,0.7952129821245916,-0.0480079247200223,0.2968822792998588,0.5264907859493463
11.724,0.7947096784455242,-0.04659359863653506,0.29769174695658795,0.5269205955157028
11.74,0.7941895784819089,-0.04520899845408591,0.2984994085500298,0.5273682524627035
11.76,0.7935320637232532,-0.04350301510817132,0.29949756396399796,0.5279353028168832
11.78,0.792868045320366,-0.04181586760348287,0.30047862814735915,0.5285114151983936
11.796,0.7923344088961926,-0.04047283255432905,0.30125152361885565,0.5289760960167006
11.82,0.7915262555609299,-0.038466339517955986,0.3023847045869076,0.5296886249560295
11.84,0.7908475067207247,-0.03679315373826723,0.3033007092027812,0.5302972712393126
11.86,0.7901650570013059,-0.03511181955130533,0.3041898745853905,0.530918978974845
11.876,0.7896161963188779,-0.03375914646867083,0.30488116134208193,0.5314264756430414
11.892,0.789064406535446,-0.0324001158662545,0.30555571101271695,0.5319429631411988
11.92,0.7880915734680446,-0.029997611606391937,0.3066977820801381,0.5328680974773049
11.936,0.7875240113888371,-0.028614192747785136,0.30733107361774137,0.5334180894315588
11.956,0.7867974530621239,-0.026917963989623248,0.3081400277403444,0.5341113885552996
11.984,0.7857456753845499,-0.024628054045841008,0.30933460727959433,0.535078829504664
12.0,0.7851301530660625,-0.023341656894111183,0.3100404372712479,0.5356312367751338
12.02,0.784347122873657,-0.021739818909686483,0.31094236961956456,0.5363225796600408
12.04,0.7835531183507946,-0.02013348995254245,0.3118583858911022,0.537013468916418
12.056,0.7829115040077292,-0.01883792860772021,0.31259789816898476,0.5375662327262986
12.072,0.7822643574852375,-0.017527560388747577,0.31333993264028925,0.5381202615939236
12.088,0.7816121167191412,-0.01619727574379011,0.31408273958125776,0.5386764379217388
12.112,0.7806280601030953,-0.014154070427934443,0.31519159181871537,0.5395126732827755
12.128,0.7799689834377728,-0.012756342022927934,0.31592368272156496,0.5400722132058557
12.144,0.7793026057799128,-0.011330259108239323,0.3166507857000874,0.5406397492094848
12.164,0.7784621388107898,-0.009507857668940259,0.3175497397591081,0.5413580286002332
12.18,0.7777848177136794,-0.008018517251832485,0.3182603328109914,0.5419381892860828
12.196,0.7771039411365817,-0.006503289399760689,0.31896282580764473,0.5425219180468877
12.224,0.7759052400607428,-0.003789575321336969,0.3201720364744424,0.5435499336579248
12.244,0.7750485281646075,-0.001801072708669419,0.3210151437591008,0.5442846984581853
12.268,0.7740127781780142,0.0006341164564215261,0.3220054218721259,0.5451755767957706
12.284,0.7733052350088634,0.0022644796798001188,0.3226721991378516,0.5457806762691946
12.308,0.7722042088042584,0.004667632748002283,0.3237393850817706,0.546691624952904
12.324,0.7714515215807121,0.006252262934837105,0.3244885044915852,0.5472940091839542
12.344,0.7704913837716941,0.008226035800916787,0.32545538091214116,0.5480457913477791
12.364,0.7695178724480107,0.010204873254637703,0.32644599935313534,0.548790560780149
12.388,0.7683325074527778,0.012594458470349514,0.32764890394253,0.5496842584940431
12.412,0.7671322882619297,0.015013456325367339,0.32885209027294376,0.5505805807243228
12.436,0.7659124179285633,0.01747099042550728,0.3300397330503446,0.5514950717313931
12.46,0.7646811477414088,0.019973290910916444,0.331190134271492,0.5524282207186507
12.476,0.7638586189976156,0.021668285359332982,0.3319267264338337,0.5530597981697313
12.5,0.7626145124935704,0.02424386968967892,0.3329804968029975,0.5540354985502105
12.516,0.7617848773075552,0.025992228408069813,0.3336433879388997,0.5546985328723775
12.532,0.7609559948870646,0.02776616126652697,0.334272369610553,0.5553710972336281
12.548,0.7601280279691587,0.029566344977790107,0.33486600236176584,0.5560539572589394
12.568,0.7590875564627569,0.03184996357313234,0.3355601562245042,0.5569299874801981
12.584,0.7582527360108177,0.03370145637885054,0.3360797497764633,0.5576446057590856
12.6,0.7574191110028831,0.03557479681524971,0.3365674654978947,0.5583664068533825
12.62,0.756373169938026,0.0379337637861065,0.3371544919117838,0.5592740656676274
12.64,0.7552997466120713,0.04027206611009097,0.3377744796192301,0.5601864886351422
12.656,0.7544250303092465,0.042138232225917505,0.33828616932240685,0.5609186282450846
12.672,0.7535439255314236,0.04401420417345618,0.3387990239518019,0.5616491124386241
12.692,0.7524376196633701,0.04638298937340701,0.3394285049779741,0.5625607313905254
12.716,0.7510974047303403,0.04927354435917591,0.34015106710157916,0.5636684774763078
12.736,0.7499822722462944,0.05173652173171933,0.34070753356944444,0.5645958404286668
12.756,0.7488723228334572,0.05425460283927687,0.3412178082782767,0.5655237650784629
12.772,0.7479877665002478,0.05631053860815893,0.3415912547662223,0.5662674775628335
12.788,0.7471065602519297,0.05840250869786641,0.34193544231918743,0.5670108528389327
12.812,0.7457886239120435,0.0616098744642367,0.3423984358205504,0.5681257506926857
12.828,0.7449139221878589,0.06379486240898756,0.34266788465165104,0.5688692631261608
12.848,0.7438195450878349,0.06657667132678885,0.34295476628312027,0.569808941186701
12.864,0.742949423616127,0.06884035658987091,0.3431422080816024,0.5705617335547185
12.884,0.7418656861152995,0.07171688609651844,0.34333226294053587,0.5715024419338232
12.904,0.7407822923275688,0.07464578152178473,0.34347818649457906,0.5724442451357998
12.924,0.7396821285564655,0.0776002569489847,0.3436378775645622,0.5733772664240078
12.944,0.7385606773424375,0.08056871448920352,0.3438448883963341,0.5742887331296416
12.96,0.7376501045429259,0.08295787685476498,0.34403767367738597,0.5750029720010017
12.98,0.7365051747255276,0.08597034260530215,0.3442984412524937,0.5758713873922923
12.996,0.7356017525638513,0.0884117446157014,0.34451252710335695,0.5765280444087058
13.012,0.7346907994746977,0.09087586370794179,0.3447337444315971,0.577173817770312
13.028,0.7337723779769318,0.09336341394287723,0.3449608105970846,0.5778091127539309
13.052,0.732383885404853,0.09714208537763581,0.3453089612856885,0.5787393364106131
13.068,0.7314526305687139,0.09969715331827363,0.34554173367674024,0.5793432024089822
13.088,0.7302771708852158,0.10292691405228394,0.34583196792505,0.5800875578790498
13.108,0.7290866527187514,0.10619065799604524,0.34612181489123917,0.5808233577456532
13.128,0.7278817979646957,0.10948348880300308,0.34640811645043385,0.5815522112220437
13.152,0.7264213906068959,0.1134702116984862,0.3467438121236078,0.5824132469847
13.172,0.7251923922082139,0.11681814114895175,0.3470161728465097,0.5831202569902475
13.192,0.7239529652800121,0.12018954435494872,0.34728161325395435,0.5838168002056554
13.212,0.7227009737192063,0.12358282913837836,0.34753791792818783,0.5845066290996122
13.232,0.7214398232097347,0.12699868334763184,0.3477793769727163,0.5851884690279308
13.256,0.7199172055456822,0.13112542136491978,0.3480444181546404,0.5859952533868951
13.272,0.718899436208046,0.1338903601480756,0.3482015394526712,0.5865260097775304
13.296,0.717363737356673,0.13804275240856767,0.34844174473947825,0.5873006288778573
13.316,0.7160643350868521,0.14149053665279748,0.34869333667728786,0.5879161374017646
13.336,0.7147532123227209,0.14493426841158347,0.3489660461283121,0.5885106737802007
13.356,0.7134333840217313,0.14837621657159394,0.34923826936742625,0.5890925802805546
13.376,0.7121128934277663,0.15181483491516404,0.34949549294212107,0.5896613819054214
13.396,0.7107965471612578,0.15524606617122527,0.3497246685447191,0.5902200138333826
13.424,0.7089478340380607,0.1600296413040688,0.349982674184731,0.5910123852824015
13.444,0.7076422534500036,0.16343544593493206,0.35010507655479545,0.5915724212408239
13.468,0.7060966238510603,0.16750141938803587,0.35017399138534555,0.5922408096089007
13.488,0.7048291298694662,0.1708618147933883,0.35016145836925006,0.5927977081909541
13.504,0.7038300285294553,0.17352978679298467,0.35010396158557766,0.5932435628082168
13.528,0.7023591520416687,0.17749449399640477,0.34993396342183125,0.5939138820677695
13.552,0.7009208399961893,0.18140892417123022,0.3496683387271239,0.5945864592903805
13.576,0.6995145194723906,0.18526577262229832,0.34931524287135607,0.5952604285828962
13.596,0.6983660407971348,0.18843172932410795,0.3489601411976,0.5958230498961924
13.62,0.6970249105170225,0.19217832923246822,0.34845741871185976,0.596490713470244
13.64,0.6959075527676019,0.1952428520658155,0.3480542321168676,0.5970353886446944
13.656,0.6950103935332149,0.19765486741604701,0.34775902486382826,0.5974587420513413
13.672,0.694114437883069,0.20003352932114127,0.34747375906989975,0.5978743664288438
13.696,0.692762640001241,0.20353524732966907,0.3470584972453395,0.5985012358289277
13.716,0.6916409087017572,0.2063910458305654,0.34671637857812965,0.599018732662249
13.732,0.6907496471718199,0.2086306970650218,0.34644022855699996,0.5994309437043055
13.752,0.6896470519142155,0.21137450753591167,0.3460829871972546,0.5999453273243384
13.772,0.6885639674226847,0.21405836445915227,0.34570603956406837,0.6004549842388357
13.788,0.6877091253356025,0.216159890299468,0.34538913504278523,0.6008639910121393
13.804,0.6868653114562178,0.2182208835154515,0.34505977990712783,0.6012733678768758
13.82,0.6860436561921355,0.2202458590814763,0.34471286404012486,0.6016717241926367
13.84,0.6850469902143288,0.2227309379493212,0.3442478670868655,0.6021586461683524
13.856,0.6842631385003766,0.22468016631667492,0.34385375482484026,0.6025506149236626
13.88,0.6831077229352525,0.22754082037402326,0.3432245121546129,0.6031466642937421
13.904,0.6819843864311541,0.23032592906668803,0.3425406854568,0.6037492627298755
13.92,0.6812475948745387,0.23214257792398096,0.34206787358607144,0.6041532959001794
13.94,0.6803224001371319,0.23437104439880602,0.3415154143727877,0.6046477976442141
13.96,0.6793985185687373,0.23655826008778025,0.3409932288909105,0.6051293955131641
13.976,0.6786691403816475,0.23828214283146582,0.3405823749615397,0.605502666749065
13.992,0.6779403535392776,0.23997694914468037,0.34017106331765884,0.6058809280175802
14.016,0.676868011774274,0.2424629070562196,0.339524125288331,0.6064525880002095
14.032,0.6761746131469724,0.24407941470211725,0.33905762090913427,0.6068387406358894
14.048,0.6755025506026499,0.2456638954030143,0.3385509196168653,0.6072305849612494
14.072,0.6745354568210218,0.24797752503329068,0.3377023131470603,0.6078372579971839
14.088,0.6739241558699733,0.249476569688616,0.3370653476524233,0.6082555187717302
14.104,0.6733429817041728,0.25093806047624356,0.33636287189621183,0.608686742340358
14.124,0.672659030473552,0.2527131914795169,0.3353904001596515,0.6092446880993388
14.148,0.6719025835850501,0.2547620630725384,0.3340799551333058,0.6099457472235372
14.172,0.6712196276036767,0.2567156468688062,0.3326149510434404,0.6106789576947311
14.192,0.6706790094033948,0.25827868048005787,0.33135545028199037,0.6112981660863569
14.212,0.670160842728177,0.2597808302425892,0.3300693821613365,0.6119252994977363
14.228,0.669782675894536,0.26092334215568214,0.3289611963121911,0.6124498903437153
14.244,0.6694324519022605,0.2620044978188636,0.3277660156623403,0.613011587049548
14.264,0.6690298881773538,0.26328541139968265,0.32620386346307567,0.6137352976528513
14.284,0.6686471497064637,0.26449392739031485,0.32461903900533073,0.6144725172956481
14.304,0.6682898406209923,0.2656275165799768,0.32299797060213054,0.6152260033333189
14.32,0.6680236629163714,0.2664798875551758,0.32167079829082956,0.6158414963946718
14.34,0.6677183808033591,0.2674753533426235,0.3199683494250122,0.6166273605932129
14.364,0.6673912251777341,0.2685631589069092,0.3178480052138151,0.6176046992020087
14.384,0.6671511618333533,0.2693706875493366,0.3160036250269591,0.6184580788519545
14.404,0.6669499556582283,0.27008945928588,0.31408672647686053,0.619337665506024
14.424,0.6667863554619701,0.27071822840790577,0.3120969842753115,0.6202443235857126
14.44,0.6666835495671198,0.27115350713152986,0.3104525695599847,0.6209895732025904
14.464,0.6665770896276974,0.2716926929907443,0.3078974098711016,0.6221393282585075
14.484,0.666524178347838,0.27203526962876745,0.30569310907390107,0.6231324268499505
14.508,0.6664975725213211,0.27231597994654516,0.3029621639897358,0.6243709526741069
14.528,0.6665205650554193,0.2724412971659148,0.3006050847574752,0.6254299686942948
14.548,0.6665781573480922,0.2724660293986379,0.2981729690512665,0.6265210695181408
14.568,0.6666748299429287,0.2723856506374921,0.2956503103326201,0.6276477998299397
14.592,0.6668406195304506,0.2721499853586227,0.29249562970925347,0.6290503039940559
14.612,0.6670187496240811,0.27184130724345695,0.2897570009908703,0.6302611304862857
14.632,0.6672286093142568,0.27143291780114004,0.28693148456839224,0.631506490306714
14.652,0.6674412531761159,0.27094896425638104,0.2840926955611836,0.6327718760598481
14.672,0.6676530961742779,0.2703888903413981,0.28123640079620404,0.6340625072239477
14.692,0.6678824682998326,0.2697383494279835,0.2783233167626567,0.6353821467565274
14.712,0.6681388018887142,0.2689813977467541,0.2753235781169651,0.6367391300602757
14.736,0.6684810318146552,0.2679180480820373,0.271606116766747,0.6384225249324798
14.756,0.6687959182043655,0.26689773152350105,0.268401554739808,0.6398736809171938
14.772,0.6690689709772352,0.26599426839499596,0.26576448857228563,0.641063965976804
14.788,0.6693604570940972,0.2650115692487374,0.26305897357341307,0.642281500367047
14.812,0.6698369532674999,0.26338891086221305,0.25886671177755144,0.6441528528623082
14.828,0.6701789733907816,0.26220426342825154,0.2559789297863173,0.6454331745161483
14.848,0.6706294953165629,0.2606093385884739,0.25226794696582083,0.6470702601580912
14.876,0.6712945331316755,0.25815503037018156,0.24688748469239188,0.6494352648383653
14.9,0.6718816805888501,0.25585018580234187,0.24211137480798242,0.6515350249961357
14.92,0.672384836305311,0.25379142700290497,0.23801846585133152,0.6533266544142642
14.94,0.6728948075828549,0.2516106553329267,0.23382861416761047,0.6551556431794189
14.96,0.6734115456626037,0.24930952480317542,0.2295454380042501,0.6570164755572354
14.98,0.6739176220769318,0.2469206254017212,0.2252218030920995,0.6588933046201674
14.996,0.6743107445166855,0.2449561571727482,0.22174706371034836,0.6604012343242454
15.016,0.674781698190283,0.24242452421335148,0.21737315200451385,0.6623058819395633
15.036,0.6752224441451113,0.2397993043161033,0.2129531273301641,0.6642454423314474
15.056,0.6756475814459685,0.23707571030871644,0.20847519322849323,0.6662083329453486
15.08,0.676131090840823,0.23366775878306523,0.2030252792772925,0.6686007471365333
15.104,0.676570831984415,0.23009527053022713,0.197494505880788,0.6710469569001509
15.12,0.6768556653443594,0.2276186601605608,0.19376060291996322,0.6726910218559022
15.14,0.6771920548638909,0.22441988075116434,0.18904246498359356,0.6747662348940612
15.156,0.6774525627776349,0.22177917943506104,0.1852293281167597,0.6764334758296024
15.176,0.6777555117751886,0.21837575098587905,0.1804223876875397,0.6785332357484359
15.192,0.6779778396651284,0.2155733815053998,0.17655036243825933,0.6802237025576487
15.208,0.6781800780383276,0.21270038616842651,0.17265977349184497,0.6819230670628438
15.224,0.678356685892777,0.20976137110889115,0.1687570460940822,0.6836324932811195
15.244,0.6785555381193815,0.20599499763579143,0.16385593056523692,0.6857695860224856
15.264,0.6787110470441232,0.20213839607848083,0.1589555965127009,0.6879131079263112
15.284,0.6788105541128926,0.19822128025165767,0.1541000789080575,0.6900562464458729
15.304,0.6788513577665152,0.19424492746924477,0.14928769349719745,0.6922015608407479
15.32,0.6788428536924631,0.19102093274417098,0.1454675547855608,0.6939182472710064
15.34,0.6787823181317095,0.1869349269213155,0.14072855401446088,0.6960642762298624
15.356,0.678717412067317,0.18361565885573206,0.13695255742212115,0.6977622163955985
15.376,0.6786167357854016,0.17940008150725975,0.1322505774061249,0.6998606067536332
15.396,0.6784601921151072,0.17511847090184213,0.1275851264208897,0.7019596938199769
15.42,0.6781933002410965,0.16989933093583617,0.12204533808511187,0.7044807241606691
15.444,0.6778390638957901,0.16460303324549916,0.11658697711781456,0.7069990141579184
15.468,0.6773831119157737,0.15924796848821957,0.11122980021834938,0.7095210930911178
15.488,0.6769314077419997,0.15474413469016357,0.10684793679307789,0.7116190426645037
15.504,0.6765329148069482,0.15111806115675774,0.10339851489688767,0.7132848971044634
15.524,0.6759716769598574,0.1465659139277017,0.09916031508967109,0.7153656309806796
15.544,0.6753372845443985,0.1419987712833887,0.09500492074985625,0.7174469652344272
15.564,0.6746296452179709,0.13741965066439565,0.09093423846238904,0.719528808095744
15.596,0.6733419436048623,0.13009205993538722,0.08461600933024141,0.7228603443089826
15.612,0.672635070521525,0.1264391428559495,0.08155167951836764,0.724516850564349
15.628,0.6718776586316377,0.12280573688281841,0.07856044984591014,0.726173228030847
15.652,0.6706526691482578,0.11738462553729966,0.0741996009792833,0.7286565342093891
15.672,0.6695512481890902,0.11288712531610165,0.07066563415805949,0.7307284031354493
15.688,0.668618495729929,0.10930527822083279,0.06790059325916462,0.7323873431682829
15.712,0.6671589356230018,0.10381080282220603,0.0636917515320568,0.7348916081313639
15.732,0.6661203040212238,0.09768381872793033,0.05857637411167424,0.7370960488269485
15.756,0.6653407123454845,0.08629928517903644,0.04827769635651184,0.7399618849874096
15.776,0.6649002976069022,0.07375002801355307,0.0366907914198011,0.7423761679180075
15.796,0.6644003812292826,0.059447356369912094,0.02355168335779598,0.7446366108432622
15.824,0.6632931663147824,0.03847620182641652,0.004695901216741717,0.7473551975052224
15.844,0.6621232535947201,0.02389471333101334,-0.008008383879854288,0.7489712228112284
15.86,0.6609670814471029,0.01291749128266774,-0.017277882421037498,0.7501047374404538
15.884,0.658924385237384,-0.0020289478346559586,-0.029370439969804627,0.7516329232126027
15.904,0.6569896716802126,-0.012871497920560165,-0.03762949149509473,0.7528499100717668
15.924,0.654903634061634,-0.022121736160914424,-0.044173309150378044,0.7540958423936897
15.94,0.6531366514600272,-0.028421646331543274,-0.04825947331658745,0.7551660839488049
15.96,0.6508581610011549,-0.034962623785646685,-0.05200964778067234,0.7566084022644414
15.976,0.6490007806146375,-0.039118881024539406,-0.05394216027872654,0.757864110371048
15.996,0.6466607029303079,-0.04299015062119543,-0.055069973358875104,0.7595716973904761
16.016,0.6442878254892797,-0.04535763944410166,-0.054794318657418455,0.7614680401278812
16.04,0.6414000799755571,-0.04627750607657957,-0.05272570853959227,0.7639923897288754
16.06,0.638956030158042,-0.045657189490162994,-0.04978890231158961,0.7662712926348714
16.076,0.6369575297308108,-0.0444195501576294,-0.046814273124831066,0.768193022415118
16.092,0.6349229363173116,-0.04258858059000327,-0.04335544301420417,0.7701814401796285
16.12,0.6312709827563462,-0.03822101520104332,-0.03639674218011194,0.7737645184379464
16.136,0.6291200977750128,-0.035158436079482436,-0.031999385866163,0.7758530034039282
16.156,0.6263592660455302,-0.030884056559700376,-0.026195951660810703,0.7784819573665905
16.172,0.6240893497934754,-0.0271674794605668,-0.021359858258585773,0.7805883249602555
16.192,0.6211767298639798,-0.02225624757633468,-0.015163890896046871,0.7832076798292664
16.208,0.6187889042583253,-0.018181427264435862,-0.010139512177632964,0.7852814768281061
16.224,0.6163600877562286,-0.014017152624022325,-0.00508393884048839,0.7873232486135585
16.244,0.6132624008507835,-0.008756817647740694,0.0012215039504141524,0.7898297285163411
16.268,0.609445715742177,-0.002445894913000332,0.008707421566825767,0.7927762068901523
16.288,0.6061957222872392,0.0027343908547238782,0.014821840323447195,0.7951727657132925
16.304,0.6035530171962052,0.006789245444315584,0.01960618631603736,0.7970528622412143
16.324,0.6001978379681493,0.011712275437459452,0.025432765963169377,0.7993613378433242
16.344,0.5967927721407481,0.016426593179464793,0.031061166753029255,0.8016257109496049
16.36,0.5940412659403657,0.020026147880217393,0.03541133616460443,0.8034051893739345
16.376,0.59126689103075,0.023459593814234028,0.039617158949157724,0.8051606550208791
16.4,0.5870679290387302,0.028278836869821737,0.04564413713669953,0.8077550590822208
16.424,0.5828296597953975,0.032671272978610236,0.0513147908485751,0.8103141731372989
16.444,0.5792750149831825,0.03599216424573379,0.055757759517514285,0.8124260951249577
16.464,0.5757052958994268,0.03899744920263924,0.0599411426015008,0.8145241717710219
16.48,0.5728466624627705,0.041172418514382324,0.06310126661728771,0.8161923230167575
16.504,0.568570465933331,0.04405547615111299,0.06753256115199922,0.8186733813986018
16.52,0.5657161133774138,0.04573110458469702,0.07028134496528121,0.8203258397755082
16.54,0.5621427161531108,0.047582660325699445,0.07351012821044169,0.8223915370656338
16.56,0.5585622071001439,0.04917295883977359,0.07651691610437522,0.8244608350605052
16.584,0.5542516073400969,0.050751497367217555,0.07984026500810154,0.8269553494765687
16.604,0.5506536755981779,0.05179635863714386,0.08237335584473808,0.8290429642830769
16.624,0.5470564695451942,0.052616364349342526,0.08470543819059173,0.8311351735591117
16.648,0.5427482540084707,0.05330771537500796,0.08724457594727725,0.833649222964424
16.668,0.5391463643848122,0.05363853738852693,0.0891397301211865,0.835762011558096
16.684,0.5362565268742521,0.053759462829971516,0.09052049643664385,0.8374634289486856
16.704,0.5326227339843955,0.053770035570705615,0.09210287718497784,0.8396063957760505
16.72,0.5296979654591267,0.053679610425321767,0.09326436710914841,0.84133251893189
16.748,0.5245508501118815,0.053354092619566446,0.09509657747109113,0.8443675560928235
16.768,0.5208385712361996,0.053006533940871216,0.09625867692945907,0.8465529234791803
16.792,0.5163236825041264,0.052528589677502756,0.0975311478530308,0.8491987222868344
16.816,0.511739033298967,0.0521540283641735,0.09876479391429648,0.8518502108580858
16.836,0.5078621582914176,0.05194143644950552,0.09977805683263191,0.8540623605767351
16.852,0.5047353936099153,0.05179501322565469,0.10055936162153369,0.8558313409055844
16.868,0.5015904659369098,0.051653809166289436,0.101310960001499,0.8575983986252531
16.892,0.4968333593794682,0.05141389388213759,0.10236387866414641,0.8602528451271412
16.912,0.49284454308709297,0.05116563148087368,0.10316922452300131,0.8624630348305328
16.932,0.48883417839412824,0.05085353011816234,0.10390551071316914,0.864672596921583
16.956,0.48398962236708626,0.05038028834433271,0.10469524952939907,0.8673262298448687
16.976,0.4799258120840686,0.04989490045665711,0.10527324506204688,0.8695398022146132
